Name, Difficulty, Times Completed, Status
RemoveDuplicatesFromSortedArray.py, Easy, 1, None
RemoveElement.py, Easy, 1, None
ConcatentationOfArray.py, Easy, 1, None
ValidParentheses.py, Easy, 1, Need to revisit
MinStack.py, Medium, 1, Need to revisit
ReverseLinkedList.py, Easy, 2, Need to revisit
MergeTwoSortedLinkedLists.py, Easy, 2, Need to revisit
DesignLinkedList.py, Medium, 1, Need to revisit
DesignBrowserHistory.py, Medium, 1, Need to revisit
NumberOfStudentsUnableToEatLunch.py, Easy, 1, Need to revisit
ClimbingStairs.py, Easy, 1, None
SortColors.py, Medium, 1, Need to revisit
BinarySearch.py, Easy, 1, Need to revisit
SearchA2dMatrix.py, Medium, 1, Need to revisit
GuessNumberHigherOrLower.py, Easy, 1, None
FirstBadVersion.py, Easy, 1, None
KokoEatingBananas.py, Medium, 1, Need to revisit
SearchInABinarySearchTree.py, Easy, 1, Need to revisit
InsertIntoABinarySearchTree.py, Medium, 1, Need to revisit
DeleteNodeInBST.py, Medium, 1, Need to revisit
BinaryTreeInorderTraversal.py, Easy, 1, Need to revisit
KthSmallestIntegerInBST.py, Easy, 1, Need to revisit
ConstructBinaryTreefromPreorderandInorderTraversal.py, Medium, 1, Need to revisit
BinaryTreeLevelOrderTraversal, Medium, 1, Need to revisit
BinaryTreeRightSideView.py, Medium, 1, Need to revisit
BinaryTreeInorderTraversal.py, Medium, 1, Need to revisit
PathSum.py, Easy, 1, Need to revisit
Subsets.py, Medium, 1, Need to revisit
AddTwoNumbers.py, Medium, 1, Need to revisit
CombinationSum.py, Medium, 1, Need to revisit
KthLargestElementInStream.py, Easy, 1, Need to revisit
LastStoneWeight.py, Easy, 1, Need to revisit
KClosestPointsToOrigin.py, Medium, 1, Need to revisit
KthLargestElementInAnArray.py, Medium, 1, Need to revisit
ContainsDuplicates.py, Easy, 1, Need to revisit
TwoSum.py, Easy, 1, Need to revisit
LRUCache.py, Medium, 1, Need to revisit
NumberOfIslands.py, Medium, 1, Need to revisit
MergeStringsAlternately.py, Easy, 1, 
ReverseWordsInAString.py, Medium, 1, Need to revisit
GreatestCommonDivisorOfStrings.py, Easy, 2, Need to revisit
ProductOfArrayExceptSelf.py, Medium, 1, Need to revisit
KidsWithTheGreatestNumberOfCandies.py, Easy, 1, None
CanPlaceFlowers.py, Easy, 1, None
IncreasingTripletSubsequence.py, Medium, 1, Need to revisit
StringCompression.py, Medium, 1, Need to revisit
ReverseVowelsofaString.py, Easy, 1, Need to revisit
ContainerWithMostWater.py, Medium, 1, Need to revisit
IsSubsequence.py, Easy, 1, Need to revisit
MaxNumberOfKSumPairs.py, Medium, 1, Need to revisit
MoveZeroes.py, Easy, 1, None
LongestSubarrayof1sAfterDeletingOneElement.py, Medium, 1, Need to revisit
MaximumNumberOfVowelsInASubstringOfGivenLength.py, Medium, 1, Need to revisit
FindTheHighestAltitude.py, Easy, 1, None
FindPivotIndex.py, Easy, 1, None
DetermineIfTwoStringsAreClose.py, Medium, 1, Need to revisit
EqualRowAndColumnPairs.py, Medium, 1, Need to revisit
UniqueNumberOfOccurrences.py, Easy, 1, None
FindTheDifferenceOfTwoArrays.py, Easy, 1, Need to revisit
RemoveStarsFromAString.py, Medium, 1, Need to revisit
AsteroidCollision.py, Medium, 1, Need to revisit
DecodeString.py, Medium, 1, Need to revisit
Dota2Senate.py, Medium, 1, Need to revisit
NumberOfRecentCalls.py, Easy, 1, Need to revisit
DeleteTheMiddleNodeOfALinkedList.py, Medium, 1, Need to revisit
OddEvenLinkedList.py, Medium, 1, Need to revisit
MaximumTwinSumOfALinkedist.py, Medium, 1, None
GoodNodesInABinaryTree.py, Medium, 1, Need to revisit
PathSumIII.py, Medium, 1, Need to revisit
LowestCommonAncestorOfABinaryTree.py, Medium, 1, Need to revisit
LongestZigZagPathInABinaryTree.py, Medium, 1, Need to revisit
Leaf-SimilarTrees.py, Easy, 1, None
MaximumDepthOfBinaryTree.py, Easy, 1, None
BinaryTreeRightSideView.py, Medium, 1, Need to revisit
MaximumLevelSumOfABinaryTree.py, Medium, 1, None
SameTree.py, Easy, 1, None
BinaryTreePreorderTraversal.py, Easy, 1, None
DeleteNodeInABST.py, Medium, 1, Need to revisit